t_0,t_1,Date,Site,Plot_type,Plot_abbrev,Plant,Branch,Treatment,i_t1,m_t1,T_t1,b_t1,i_t0,m_t0,T_t0,b_t0
0,1,8/17/17,Horti Farm,cleared,HF_CL,1,A,open,2,8,10,,,,,
0,1,8/17/17,Horti Farm,cleared,HF_CL,1,B,open,3,5,8,,,,,
0,1,8/17/17,Horti Farm,cleared,HF_CL,1,C,closed,2,5,7,0,,,,
0,1,8/17/17,Horti Farm,cleared,HF_CL,1,D,closed,0,4,4,0,,,,
0,1,8/17/17,Horti Farm,cleared,HF_CL,2,A,open,6,13,19,,,,,
0,1,8/17/17,Horti Farm,cleared,HF_CL,2,B,open,NA,NA,NA,,,,,
0,1,8/17/17,Horti Farm,cleared,HF_CL,2,C,closed,8,9,17,0,,,,
0,1,8/17/17,Horti Farm,cleared,HF_CL,2,D,closed,NA,NA,NA,NA,,,,
0,1,8/17/17,Horti Farm,cleared,HF_CL,3,A,open,9,0,9,,,,,
0,1,8/17/17,Horti Farm,cleared,HF_CL,6,A,open,8,11,19,,,,,
0,1,8/17/17,Horti Farm,cleared,HF_CL,3,C,closed,13,1,14,0,,,,
0,1,8/17/17,Horti Farm,cleared,HF_CL,6,C,closed,2,10,12,0,,,,
0,1,8/17/17,Horti Farm,cleared,HF_CL,4,A,open,8,23,31,,,,,
0,1,8/17/17,Horti Farm,cleared,HF_CL,4,B,open,18,26,44,,,,,
0,1,8/17/17,Horti Farm,cleared,HF_CL,4,C,closed,6,16,22,1,,,,
0,1,8/17/17,Horti Farm,cleared,HF_CL,4,D,closed,9,16,25,0,,,,
0,1,8/17/17,Horti Farm,cleared,HF_CL,5,A,open,54,33,87,,,,,
0,1,8/17/17,Horti Farm,cleared,HF_CL,5,B,open,9,29,38,,,,,
0,1,8/17/17,Horti Farm,cleared,HF_CL,5,C,closed,11,20,31,0,,,,
0,1,8/17/17,Horti Farm,cleared,HF_CL,5,D,closed,9,21,30,0,,,,
0,1,8/16/17,College Woods,white pine,CW_WP,1,A,open,0,5,5,,,,,
0,1,8/16/17,College Woods,white pine,CW_WP,1,B,open,NA,NA,NA,,,,,
0,1,8/16/17,College Woods,white pine,CW_WP,1,C,closed,0,4,4,0,,,,
0,1,8/16/17,College Woods,white pine,CW_WP,1,D,closed,NA,NA,NA,NA,,,,
0,1,8/16/17,College Woods,white pine,CW_WP,2,A,open,0,2,2,,,,,
0,1,8/16/17,College Woods,white pine,CW_WP,2,B,open,NA,NA,NA,,,,,
0,1,8/16/17,College Woods,white pine,CW_WP,2,C,closed,0,2,2,0,,,,
0,1,8/16/17,College Woods,white pine,CW_WP,2,D,closed,NA,NA,NA,NA,,,,
0,1,8/16/17,College Woods,white pine,CW_WP,3,A,open,0,5,5,,,,,
0,1,8/16/17,College Woods,white pine,CW_WP,3,B,open,NA,NA,NA,,,,,
0,1,8/16/17,College Woods,white pine,CW_WP,3,C,closed,0,2,2,0,,,,
0,1,8/16/17,College Woods,white pine,CW_WP,3,D,closed,NA,NA,NA,NA,,,,
0,1,8/16/17,College Woods,white pine,CW_WP,4,A,open,2,0,2,,,,,
0,1,8/16/17,College Woods,white pine,CW_WP,4,B,open,NA,NA,NA,,,,,
0,1,8/16/17,College Woods,white pine,CW_WP,4,C,closed,3,0,3,0,,,,
0,1,8/16/17,College Woods,white pine,CW_WP,4,D,closed,NA,NA,NA,NA,,,,
0,1,8/16/17,College Woods,white pine,CW_WP,5,A,open,0,2,2,,,,,
0,1,8/16/17,College Woods,white pine,CW_WP,5,B,open,NA,NA,NA,,,,,
0,1,8/16/17,College Woods,white pine,CW_WP,5,C,closed,0,3,3,0,,,,
0,1,8/16/17,College Woods,white pine,CW_WP,5,D,closed,NA,NA,NA,NA,,,,
0,1,8/17/17,College Woods,mixed,CW_MX,1,A,open,0,1,1,,,,,
0,1,8/17/17,College Woods,mixed,CW_MX,1,B,open,NA,NA,NA,,,,,
0,1,8/17/17,College Woods,mixed,CW_MX,1,C,closed,0,2,2,0,,,,
0,1,8/17/17,College Woods,mixed,CW_MX,1,D,closed,NA,NA,NA,NA,,,,
0,1,8/17/17,College Woods,mixed,CW_MX,2,A,open,0,4,4,,,,,
0,1,8/17/17,College Woods,mixed,CW_MX,2,B,open,NA,NA,NA,,,,,
0,1,8/17/17,College Woods,mixed,CW_MX,2,C,closed,1,1,2,0,,,,
0,1,8/17/17,College Woods,mixed,CW_MX,2,D,closed,NA,NA,NA,NA,,,,
0,1,8/17/17,College Woods,mixed,CW_MX,3,A,open,2,2,4,,,,,
0,1,8/17/17,College Woods,mixed,CW_MX,3,B,open,NA,NA,NA,,,,,
0,1,8/17/17,College Woods,mixed,CW_MX,3,C,closed,3,3,6,0,,,,
0,1,8/17/17,College Woods,mixed,CW_MX,3,D,closed,NA,NA,NA,NA,,,,
0,1,8/17/17,College Woods,mixed,CW_MX,4,A,open,5,0,5,,,,,
0,1,8/17/17,College Woods,mixed,CW_MX,4,B,open,NA,NA,NA,,,,,
0,1,8/17/17,College Woods,mixed,CW_MX,4,C,closed,2,0,2,0,,,,
0,1,8/17/17,College Woods,mixed,CW_MX,4,D,closed,NA,NA,NA,NA,,,,
0,1,8/17/17,College Woods,mixed,CW_MX,5,A,open,0,4,4,,,,,
0,1,8/17/17,College Woods,mixed,CW_MX,5,B,open,NA,NA,NA,,,,,
0,1,8/17/17,College Woods,mixed,CW_MX,5,C,closed,0,2,2,0,,,,
0,1,8/17/17,College Woods,mixed,CW_MX,5,D,closed,NA,NA,NA,NA,,,,
0,1,8/16/17,MacDonald,cleared,MAC_CL,1,A,open,25,3,28,,,,,
0,1,8/16/17,MacDonald,cleared,MAC_CL,1,B,open,45,9,54,,,,,
0,1,8/16/17,MacDonald,cleared,MAC_CL,1,C,closed,21,4,25,1,,,,
0,1,8/16/17,MacDonald,cleared,MAC_CL,1,D,closed,29,6,35,0,,,,
0,1,8/16/17,MacDonald,cleared,MAC_CL,2,A,open,5,7,12,,,,,
0,1,8/16/17,MacDonald,cleared,MAC_CL,2,B,open,1,2,3,,,,,
0,1,8/16/17,MacDonald,cleared,MAC_CL,2,C,closed,8,11,19,0,,,,
0,1,8/16/17,MacDonald,cleared,MAC_CL,2,D,closed,7,3,10,0,,,,
0,1,8/16/17,MacDonald,cleared,MAC_CL,3,A,open,23,5,28,,,,,
0,1,8/16/17,MacDonald,cleared,MAC_CL,3,B,open,24,3,27,,,,,
0,1,8/16/17,MacDonald,cleared,MAC_CL,3,C,closed,31,7,38,0,,,,
0,1,8/16/17,MacDonald,cleared,MAC_CL,3,D,closed,34,11,45,0,,,,
0,1,8/16/17,MacDonald,cleared,MAC_CL,4,A,open,0,0,0,,,,,
0,1,8/16/17,MacDonald,cleared,MAC_CL,4,B,open,NA,NA,NA,,,,,
0,1,8/16/17,MacDonald,cleared,MAC_CL,4,C,closed,20,0,20,0,,,,
0,1,8/16/17,MacDonald,cleared,MAC_CL,4,D,closed,NA,NA,NA,NA,,,,
0,1,8/16/17,MacDonald,cleared,MAC_CL,5,A,open,22,10,32,,,,,
0,1,8/16/17,MacDonald,cleared,MAC_CL,5,B,open,22,9,31,,,,,
0,1,8/16/17,MacDonald,cleared,MAC_CL,5,C,closed,15,0,15,0,,,,
0,1,8/16/17,MacDonald,cleared,MAC_CL,5,D,closed,14,6,20,0,,,,
0,1,8/16/17,MacDonald,white pine,MAC_WP,1,A,open,0,2,2,,,,,
0,1,8/16/17,MacDonald,white pine,MAC_WP,1,B,open,NA,NA,NA,,,,,
0,1,8/16/17,MacDonald,white pine,MAC_WP,1,C,closed,5,1,6,0,,,,
0,1,8/16/17,MacDonald,white pine,MAC_WP,1,D,closed,NA,NA,NA,NA,,,,
0,1,8/16/17,MacDonald,white pine,MAC_WP,2,A,open,1,1,2,,,,,
0,1,8/16/17,MacDonald,white pine,MAC_WP,2,B,open,NA,NA,NA,,,,,
0,1,8/16/17,MacDonald,white pine,MAC_WP,2,C,closed,2,1,3,0,,,,
0,1,8/16/17,MacDonald,white pine,MAC_WP,2,D,closed,NA,NA,NA,NA,,,,
0,1,8/16/17,MacDonald,white pine,MAC_WP,3,A,open,3,0,3,,,,,
0,1,8/16/17,MacDonald,white pine,MAC_WP,3,B,open,NA,NA,NA,,,,,
0,1,8/16/17,MacDonald,white pine,MAC_WP,3,C,closed,11,1,12,0,,,,
0,1,8/16/17,MacDonald,white pine,MAC_WP,3,D,closed,NA,NA,NA,NA,,,,
0,1,8/16/17,MacDonald,white pine,MAC_WP,4,A,open,3,2,5,,,,,
0,1,8/16/17,MacDonald,white pine,MAC_WP,4,B,open,NA,NA,NA,,,,,
0,1,8/16/17,MacDonald,white pine,MAC_WP,4,C,closed,3,1,4,0,,,,
0,1,8/16/17,MacDonald,white pine,MAC_WP,4,D,closed,NA,NA,NA,NA,,,,
0,1,8/16/17,MacDonald,white pine,MAC_WP,5,A,open,0,4,4,,,,,
0,1,8/16/17,MacDonald,white pine,MAC_WP,5,B,open,NA,NA,NA,,,,,
0,1,8/16/17,MacDonald,white pine,MAC_WP,5,C,closed,0,2,2,0,,,,
0,1,8/16/17,MacDonald,white pine,MAC_WP,5,D,closed,NA,NA,NA,NA,,,,
1,2,8/31/17,Horti Farm,cleared,HF_CL,1,A,open,0,1,1,,,,,
1,2,8/31/17,Horti Farm,cleared,HF_CL,1,B,open,0,1,1,,,,,
1,2,8/31/17,Horti Farm,cleared,HF_CL,1,C,closed,0,2,2,5,,,,
1,2,8/31/17,Horti Farm,cleared,HF_CL,1,D,closed,0,0,0,5,,,,
1,2,8/31/17,Horti Farm,cleared,HF_CL,2,A,open,1,6,7,,,,,
1,2,8/31/17,Horti Farm,cleared,HF_CL,2,B,open,NA,NA,NA,,,,,
1,2,8/31/17,Horti Farm,cleared,HF_CL,2,C,closed,0,15,15,3,,,,
1,2,8/31/17,Horti Farm,cleared,HF_CL,2,D,closed,NA,NA,NA,NA,,,,
1,2,8/31/17,Horti Farm,cleared,HF_CL,3,A,open,2,1,3,,,,,
1,2,8/31/17,Horti Farm,cleared,HF_CL,6,A,open,0,7,7,,,,,
1,2,8/31/17,Horti Farm,cleared,HF_CL,3,C,closed,7,0,7,5,,,,
1,2,8/31/17,Horti Farm,cleared,HF_CL,6,C,closed,0,2,2,10,,,,
1,2,8/31/17,Horti Farm,cleared,HF_CL,4,A,open,0,5,5,,,,,
1,2,8/31/17,Horti Farm,cleared,HF_CL,4,B,open,1,11,12,,,,,
1,2,8/31/17,Horti Farm,cleared,HF_CL,4,C,closed,0,6,6,18,,,,
1,2,8/31/17,Horti Farm,cleared,HF_CL,4,D,closed,0,10,10,14,,,,
1,2,8/31/17,Horti Farm,cleared,HF_CL,5,A,open,6,42,48,,,,,
1,2,8/31/17,Horti Farm,cleared,HF_CL,5,B,open,1,5,6,,,,,
1,2,8/31/17,Horti Farm,cleared,HF_CL,5,C,closed,2,9,11,14,,,,
1,2,8/31/17,Horti Farm,cleared,HF_CL,5,D,closed,3,6,9,21,,,,
1,2,8/31/17,College Woods,white pine,CW_WP,1,A,open,0,0,0,,,,,
1,2,8/31/17,College Woods,white pine,CW_WP,1,B,open,NA,NA,NA,,,,,
1,2,8/31/17,College Woods,white pine,CW_WP,1,C,closed,0,0,0,3,,,,
1,2,8/31/17,College Woods,white pine,CW_WP,1,D,closed,NA,NA,NA,NA,,,,
1,2,8/31/17,College Woods,white pine,CW_WP,2,A,open,0,0,0,,,,,
1,2,8/31/17,College Woods,white pine,CW_WP,2,B,open,NA,NA,NA,,,,,
1,2,8/31/17,College Woods,white pine,CW_WP,2,C,closed,0,0,0,2,,,,
1,2,8/31/17,College Woods,white pine,CW_WP,2,D,closed,NA,NA,NA,NA,,,,
1,2,8/31/17,College Woods,white pine,CW_WP,3,A,open,0,1,1,,,,,
1,2,8/31/17,College Woods,white pine,CW_WP,3,B,open,NA,NA,NA,,,,,
1,2,8/31/17,College Woods,white pine,CW_WP,3,C,closed,0,0,0,2,,,,
1,2,8/31/17,College Woods,white pine,CW_WP,3,D,closed,NA,NA,NA,NA,,,,
1,2,8/31/17,College Woods,white pine,CW_WP,4,A,open,2,0,2,,,,,
1,2,8/31/17,College Woods,white pine,CW_WP,4,B,open,NA,NA,NA,,,,,
1,2,8/31/17,College Woods,white pine,CW_WP,4,C,closed,4,0,4,0,,,,
1,2,8/31/17,College Woods,white pine,CW_WP,4,D,closed,NA,NA,NA,NA,,,,
1,2,8/31/17,College Woods,white pine,CW_WP,5,A,open,0,0,0,,,,,
1,2,8/31/17,College Woods,white pine,CW_WP,5,B,open,NA,NA,NA,,,,,
1,2,8/31/17,College Woods,white pine,CW_WP,5,C,closed,0,0,0,3,,,,
1,2,8/31/17,College Woods,white pine,CW_WP,5,D,closed,NA,NA,NA,NA,,,,
1,2,8/31/17,College Woods,mixed,CW_MX,1,A,open,0,0,0,,,,,
1,2,8/31/17,College Woods,mixed,CW_MX,1,B,open,NA,NA,NA,,,,,
1,2,8/31/17,College Woods,mixed,CW_MX,1,C,closed,0,0,0,2,,,,
1,2,8/31/17,College Woods,mixed,CW_MX,1,D,closed,NA,NA,NA,NA,,,,
1,2,8/31/17,College Woods,mixed,CW_MX,2,A,open,0,0,0,,,,,
1,2,8/31/17,College Woods,mixed,CW_MX,2,B,open,NA,NA,NA,,,,,
1,2,8/31/17,College Woods,mixed,CW_MX,2,C,closed,0,2,2,0,,,,
1,2,8/31/17,College Woods,mixed,CW_MX,2,D,closed,NA,NA,NA,NA,,,,
1,2,8/31/17,College Woods,mixed,CW_MX,3,A,open,0,0,0,,,,,
1,2,8/31/17,College Woods,mixed,CW_MX,3,B,open,NA,NA,NA,,,,,
1,2,8/31/17,College Woods,mixed,CW_MX,3,C,closed,0,4,4,2,,,,
1,2,8/31/17,College Woods,mixed,CW_MX,3,D,closed,NA,NA,NA,NA,,,,
1,2,8/31/17,College Woods,mixed,CW_MX,4,A,open,2,0,2,,,,,
1,2,8/31/17,College Woods,mixed,CW_MX,4,B,open,NA,NA,NA,,,,,
1,2,8/31/17,College Woods,mixed,CW_MX,4,C,closed,0,3,3,0,,,,
1,2,8/31/17,College Woods,mixed,CW_MX,4,D,closed,NA,NA,NA,NA,,,,
1,2,8/31/17,College Woods,mixed,CW_MX,5,A,open,0,0,0,,,,,
1,2,8/31/17,College Woods,mixed,CW_MX,5,B,open,NA,NA,NA,,,,,
1,2,8/31/17,College Woods,mixed,CW_MX,5,C,closed,0,0,0,2,,,,
1,2,8/31/17,College Woods,mixed,CW_MX,5,D,closed,NA,NA,NA,NA,,,,
1,2,8/31/17,MacDonald,cleared,MAC_CL,1,A,open,21,2,23,,,,,
1,2,8/31/17,MacDonald,cleared,MAC_CL,1,B,open,41,3,44,,,,,
1,2,8/31/17,MacDonald,cleared,MAC_CL,1,C,closed,24,1,25,9,,,,
1,2,8/31/17,MacDonald,cleared,MAC_CL,1,D,closed,26,2,28,19,,,,
1,2,8/31/17,MacDonald,cleared,MAC_CL,2,A,open,0,5,5,,,,,
1,2,8/31/17,MacDonald,cleared,MAC_CL,2,B,open,0,0,0,,,,,
1,2,8/31/17,MacDonald,cleared,MAC_CL,2,C,closed,0,3,3,17,,,,
1,2,8/31/17,MacDonald,cleared,MAC_CL,2,D,closed,1,3,4,8,,,,
1,2,8/31/17,MacDonald,cleared,MAC_CL,3,A,open,28,3,31,,,,,
1,2,8/31/17,MacDonald,cleared,MAC_CL,3,B,open,28,4,32,,,,,
1,2,8/31/17,MacDonald,cleared,MAC_CL,3,C,closed,20,13,33,8,,,,
1,2,8/31/17,MacDonald,cleared,MAC_CL,3,D,closed,24,12,36,11,,,,
1,2,8/31/17,MacDonald,cleared,MAC_CL,4,A,open,6,0,6,,,,,
1,2,8/31/17,MacDonald,cleared,MAC_CL,4,B,open,NA,NA,NA,,,,,
1,2,8/31/17,MacDonald,cleared,MAC_CL,4,C,closed,26,0,26,0,,,,
1,2,8/31/17,MacDonald,cleared,MAC_CL,4,D,closed,NA,NA,NA,NA,,,,
1,2,8/31/17,MacDonald,cleared,MAC_CL,5,A,open,2,11,13,,,,,
1,2,8/31/17,MacDonald,cleared,MAC_CL,5,B,open,6,14,20,,,,,
1,2,8/31/17,MacDonald,cleared,MAC_CL,5,C,closed,9,7,16,1,,,,
1,2,8/31/17,MacDonald,cleared,MAC_CL,5,D,closed,4,12,16,4,,,,
1,2,8/31/17,MacDonald,white pine,MAC_WP,1,A,open,0,0,0,,,,,
1,2,8/31/17,MacDonald,white pine,MAC_WP,1,B,open,NA,NA,NA,,,,,
1,2,8/31/17,MacDonald,white pine,MAC_WP,1,C,closed,1,2,3,3,,,,
1,2,8/31/17,MacDonald,white pine,MAC_WP,1,D,closed,NA,NA,NA,NA,,,,
1,2,8/31/17,MacDonald,white pine,MAC_WP,2,A,open,0,0,0,,,,,
1,2,8/31/17,MacDonald,white pine,MAC_WP,2,B,open,NA,NA,NA,,,,,
1,2,8/31/17,MacDonald,white pine,MAC_WP,2,C,closed,2,0,2,1,,,,
1,2,8/31/17,MacDonald,white pine,MAC_WP,2,D,closed,NA,NA,NA,NA,,,,
1,2,8/31/17,MacDonald,white pine,MAC_WP,3,A,open,1,0,1,,,,,
1,2,8/31/17,MacDonald,white pine,MAC_WP,3,B,open,NA,NA,NA,,,,,
1,2,8/31/17,MacDonald,white pine,MAC_WP,3,C,closed,3,0,3,8,,,,
1,2,8/31/17,MacDonald,white pine,MAC_WP,3,D,closed,NA,NA,NA,NA,,,,
1,2,8/31/17,MacDonald,white pine,MAC_WP,4,A,open,1,2,3,,,,,
1,2,8/31/17,MacDonald,white pine,MAC_WP,4,B,open,NA,NA,NA,,,,,
1,2,8/31/17,MacDonald,white pine,MAC_WP,4,C,closed,2,1,3,1,,,,
1,2,8/31/17,MacDonald,white pine,MAC_WP,4,D,closed,NA,NA,NA,NA,,,,
1,2,8/31/17,MacDonald,white pine,MAC_WP,5,A,open,0,0,0,,,,,
1,2,8/31/17,MacDonald,white pine,MAC_WP,5,B,open,NA,NA,NA,,,,,
1,2,8/31/17,MacDonald,white pine,MAC_WP,5,C,closed,0,0,0,2,,,,
1,2,8/31/17,MacDonald,white pine,MAC_WP,5,D,closed,NA,NA,NA,NA,,,,
2,3,9/14/17,Horti Farm,cleared,HF_CL,1,A,open,0,1,1,NA,,,,
2,3,9/14/17,Horti Farm,cleared,HF_CL,1,B,open,0,0,0,NA,,,,
2,3,9/14/17,Horti Farm,cleared,HF_CL,1,C,closed,0,0,0,8,,,,
2,3,9/14/17,Horti Farm,cleared,HF_CL,1,D,closed,0,0,0,5,,,,
2,3,9/14/17,Horti Farm,cleared,HF_CL,2,A,open,0,1,1,NA,,,,
2,3,9/14/17,Horti Farm,cleared,HF_CL,2,B,open,NA,NA,NA,NA,,,,
2,3,9/14/17,Horti Farm,cleared,HF_CL,2,C,closed,0,1,1,13,,,,
2,3,9/14/17,Horti Farm,cleared,HF_CL,2,D,closed,NA,NA,NA,NA,,,,
2,3,9/14/17,Horti Farm,cleared,HF_CL,3,A,open,0,0,0,NA,,,,
2,3,9/14/17,Horti Farm,cleared,HF_CL,6,A,open,0,0,0,NA,,,,
2,3,9/14/17,Horti Farm,cleared,HF_CL,3,C,closed,3,4,7,9,,,,
2,3,9/14/17,Horti Farm,cleared,HF_CL,6,C,closed,0,2,2,9,,,,
2,3,9/14/17,Horti Farm,cleared,HF_CL,4,A,open,0,0,0,NA,,,,
2,3,9/14/17,Horti Farm,cleared,HF_CL,4,B,open,0,1,1,NA,,,,
2,3,9/14/17,Horti Farm,cleared,HF_CL,4,C,closed,0,5,5,20,,,,
2,3,9/14/17,Horti Farm,cleared,HF_CL,4,D,closed,0,7,7,18,,,,
2,3,9/14/17,Horti Farm,cleared,HF_CL,5,A,open,0,5,5,NA,,,,
2,3,9/14/17,Horti Farm,cleared,HF_CL,5,B,open,0,2,2,NA,,,,
2,3,9/14/17,Horti Farm,cleared,HF_CL,5,C,closed,0,3,3,20,,,,
2,3,9/14/17,Horti Farm,cleared,HF_CL,5,D,closed,0,4,4,23,,,,
2,3,9/14/17,College Woods,white pine,CW_WP,1,A,open,0,0,0,NA,,,,
2,3,9/14/17,College Woods,white pine,CW_WP,1,B,open,NA,NA,NA,NA,,,,
2,3,9/14/17,College Woods,white pine,CW_WP,1,C,closed,0,0,0,5,,,,
2,3,9/14/17,College Woods,white pine,CW_WP,1,D,closed,NA,NA,NA,NA,,,,
2,3,9/14/17,College Woods,white pine,CW_WP,2,A,open,0,0,0,NA,,,,
2,3,9/14/17,College Woods,white pine,CW_WP,2,B,open,NA,NA,NA,NA,,,,
2,3,9/14/17,College Woods,white pine,CW_WP,2,C,closed,0,0,0,2,,,,
2,3,9/14/17,College Woods,white pine,CW_WP,2,D,closed,NA,NA,NA,NA,,,,
2,3,9/14/17,College Woods,white pine,CW_WP,3,A,open,0,0,0,NA,,,,
2,3,9/14/17,College Woods,white pine,CW_WP,3,B,open,NA,NA,NA,NA,,,,
2,3,9/14/17,College Woods,white pine,CW_WP,3,C,closed,0,0,0,2,,,,
2,3,9/14/17,College Woods,white pine,CW_WP,3,D,closed,NA,NA,NA,NA,,,,
2,3,9/14/17,College Woods,white pine,CW_WP,4,A,open,0,0,0,NA,,,,
2,3,9/14/17,College Woods,white pine,CW_WP,4,B,open,NA,NA,NA,NA,,,,
2,3,9/14/17,College Woods,white pine,CW_WP,4,C,closed,1,0,1,2,,,,
2,3,9/14/17,College Woods,white pine,CW_WP,4,D,closed,NA,NA,NA,NA,,,,
2,3,9/14/17,College Woods,white pine,CW_WP,5,A,open,0,0,0,NA,,,,
2,3,9/14/17,College Woods,white pine,CW_WP,5,B,open,NA,NA,NA,NA,,,,
2,3,9/14/17,College Woods,white pine,CW_WP,5,C,closed,0,0,0,3,,,,
2,3,9/14/17,College Woods,white pine,CW_WP,5,D,closed,NA,NA,NA,NA,,,,
2,3,9/14/17,College Woods,mixed,CW_MX,1,A,open,0,0,0,NA,,,,
2,3,9/14/17,College Woods,mixed,CW_MX,1,B,open,NA,NA,NA,NA,,,,
2,3,9/14/17,College Woods,mixed,CW_MX,1,C,closed,0,0,0,3,,,,
2,3,9/14/17,College Woods,mixed,CW_MX,1,D,closed,NA,NA,NA,NA,,,,
2,3,9/14/17,College Woods,mixed,CW_MX,2,A,open,0,0,0,NA,,,,
2,3,9/14/17,College Woods,mixed,CW_MX,2,B,open,NA,NA,NA,NA,,,,
2,3,9/14/17,College Woods,mixed,CW_MX,2,C,closed,0,1,1,1,,,,
2,3,9/14/17,College Woods,mixed,CW_MX,2,D,closed,NA,NA,NA,NA,,,,
2,3,9/14/17,College Woods,mixed,CW_MX,3,A,open,0,0,0,NA,,,,
2,3,9/14/17,College Woods,mixed,CW_MX,3,B,open,NA,NA,NA,NA,,,,
2,3,9/14/17,College Woods,mixed,CW_MX,3,C,closed,0,1,1,5,,,,
2,3,9/14/17,College Woods,mixed,CW_MX,3,D,closed,NA,NA,NA,NA,,,,
2,3,9/14/17,College Woods,mixed,CW_MX,4,A,open,2,1,3,NA,,,,
2,3,9/14/17,College Woods,mixed,CW_MX,4,B,open,NA,NA,NA,NA,,,,
2,3,9/14/17,College Woods,mixed,CW_MX,4,C,closed,1,3,4,0,,,,
2,3,9/14/17,College Woods,mixed,CW_MX,4,D,closed,NA,NA,NA,NA,,,,
2,3,9/14/17,College Woods,mixed,CW_MX,5,A,open,0,0,0,NA,,,,
2,3,9/14/17,College Woods,mixed,CW_MX,5,B,open,NA,NA,NA,NA,,,,
2,3,9/14/17,College Woods,mixed,CW_MX,5,C,closed,0,0,0,2,,,,
2,3,9/14/17,College Woods,mixed,CW_MX,5,D,closed,NA,NA,NA,NA,,,,
2,3,9/14/17,MacDonald,cleared,MAC_CL,1,A,open,25,3,28,NA,,,,
2,3,9/14/17,MacDonald,cleared,MAC_CL,1,B,open,37,7,44,NA,,,,
2,3,9/14/17,MacDonald,cleared,MAC_CL,1,C,closed,23,5,28,12,,,,
2,3,9/14/17,MacDonald,cleared,MAC_CL,1,D,closed,21,9,30,18,,,,
2,3,9/14/17,MacDonald,cleared,MAC_CL,2,A,open,0,0,0,NA,,,,
2,3,9/14/17,MacDonald,cleared,MAC_CL,2,B,open,0,0,0,NA,,,,
2,3,9/14/17,MacDonald,cleared,MAC_CL,2,C,closed,0,1,1,14,,,,
2,3,9/14/17,MacDonald,cleared,MAC_CL,2,D,closed,0,1,1,9,,,,
2,3,9/14/17,MacDonald,cleared,MAC_CL,3,A,open,16,9,25,NA,,,,
2,3,9/14/17,MacDonald,cleared,MAC_CL,3,B,open,22,7,29,NA,,,,
2,3,9/14/17,MacDonald,cleared,MAC_CL,3,C,closed,18,9,27,14,,,,
2,3,9/14/17,MacDonald,cleared,MAC_CL,3,D,closed,7,29,36,17,,,,
2,3,9/14/17,MacDonald,cleared,MAC_CL,4,A,open,12,0,12,NA,,,,
2,3,9/14/17,MacDonald,cleared,MAC_CL,4,B,open,NA,NA,NA,NA,,,,
2,3,9/14/17,MacDonald,cleared,MAC_CL,4,C,closed,19,13,32,0,,,,
2,3,9/14/17,MacDonald,cleared,MAC_CL,4,D,closed,NA,NA,NA,NA,,,,
2,3,9/14/17,MacDonald,cleared,MAC_CL,5,A,open,0,0,0,NA,,,,
2,3,9/14/17,MacDonald,cleared,MAC_CL,5,B,open,0,3,3,NA,,,,
2,3,9/14/17,MacDonald,cleared,MAC_CL,5,C,closed,0,15,15,2,,,,
2,3,9/14/17,MacDonald,cleared,MAC_CL,5,D,closed,0,8,8,7,,,,
2,3,9/14/17,MacDonald,white pine,MAC_WP,1,A,open,0,0,0,,,,,
2,3,9/14/17,MacDonald,white pine,MAC_WP,1,B,open,NA,NA,NA,NA,,,,
2,3,9/14/17,MacDonald,white pine,MAC_WP,1,C,closed,0,3,3,4,,,,
2,3,9/14/17,MacDonald,white pine,MAC_WP,1,D,closed,NA,NA,NA,NA,,,,
2,3,9/14/17,MacDonald,white pine,MAC_WP,2,A,open,0,0,0,,,,,
2,3,9/14/17,MacDonald,white pine,MAC_WP,2,B,open,NA,NA,NA,NA,,,,
2,3,9/14/17,MacDonald,white pine,MAC_WP,2,C,closed,0,0,0,1,,,,
2,3,9/14/17,MacDonald,white pine,MAC_WP,2,D,closed,NA,NA,NA,NA,,,,
2,3,9/14/17,MacDonald,white pine,MAC_WP,3,A,open,0,0,0,,,,,
2,3,9/14/17,MacDonald,white pine,MAC_WP,3,B,open,NA,NA,NA,NA,,,,
2,3,9/14/17,MacDonald,white pine,MAC_WP,3,C,closed,2,1,3,9,,,,
2,3,9/14/17,MacDonald,white pine,MAC_WP,3,D,closed,NA,NA,NA,NA,,,,
2,3,9/14/17,MacDonald,white pine,MAC_WP,4,A,open,0,1,1,,,,,
2,3,9/14/17,MacDonald,white pine,MAC_WP,4,B,open,NA,NA,NA,NA,,,,
2,3,9/14/17,MacDonald,white pine,MAC_WP,4,C,closed,1,2,3,1,,,,
2,3,9/14/17,MacDonald,white pine,MAC_WP,4,D,closed,NA,NA,NA,NA,,,,
2,3,9/14/17,MacDonald,white pine,MAC_WP,5,A,open,0,0,0,0,,,,
2,3,9/14/17,MacDonald,white pine,MAC_WP,5,B,open,NA,NA,NA,NA,,,,
2,3,9/14/17,MacDonald,white pine,MAC_WP,5,C,closed,0,0,0,2,,,,
2,3,9/14/17,MacDonald,white pine,MAC_WP,5,D,closed,NA,NA,NA,NA,,,,
3,4,9/28/17,Horti Farm,cleared,HF_CL,1,A,open,0,0,0,NA,,,,
3,4,9/28/17,Horti Farm,cleared,HF_CL,1,B,open,0,0,0,NA,,,,
3,4,9/28/17,Horti Farm,cleared,HF_CL,1,C,closed,0,0,0,7,,,,
3,4,9/28/17,Horti Farm,cleared,HF_CL,1,D,closed,0,0,0,6,,,,
3,4,9/28/17,Horti Farm,cleared,HF_CL,2,A,open,0,1,1,NA,,,,
3,4,9/28/17,Horti Farm,cleared,HF_CL,2,B,open,NA,NA,0,NA,,,,
3,4,9/28/17,Horti Farm,cleared,HF_CL,2,C,closed,0,0,0,16,,,,
3,4,9/28/17,Horti Farm,cleared,HF_CL,2,D,closed,NA,NA,0,NA,,,,
3,4,9/28/17,Horti Farm,cleared,HF_CL,3,A,open,0,0,0,NA,,,,
3,4,9/28/17,Horti Farm,cleared,HF_CL,6,A,open,0,0,0,NA,,,,
3,4,9/28/17,Horti Farm,cleared,HF_CL,3,C,closed,0,0,0,15,,,,
3,4,9/28/17,Horti Farm,cleared,HF_CL,6,C,closed,0,1,1,11,,,,
3,4,9/28/17,Horti Farm,cleared,HF_CL,4,A,open,0,0,0,NA,,,,
3,4,9/28/17,Horti Farm,cleared,HF_CL,4,B,open,0,0,0,NA,,,,
3,4,9/28/17,Horti Farm,cleared,HF_CL,4,C,closed,0,0,0,22,,,,
3,4,9/28/17,Horti Farm,cleared,HF_CL,4,D,closed,0,0,0,21,,,,
3,4,9/28/17,Horti Farm,cleared,HF_CL,5,A,open,0,0,0,NA,,,,
3,4,9/28/17,Horti Farm,cleared,HF_CL,5,B,open,0,1,1,NA,,,,
3,4,9/28/17,Horti Farm,cleared,HF_CL,5,C,closed,0,1,1,20,,,,
3,4,9/28/17,Horti Farm,cleared,HF_CL,5,D,closed,0,0,0,25,,,,
3,4,9/28/17,College Woods,white pine,CW_WP,1,A,open,0,0,0,NA,,,,
3,4,9/28/17,College Woods,white pine,CW_WP,1,B,open,NA,NA,NA,NA,,,,
3,4,9/28/17,College Woods,white pine,CW_WP,1,C,closed,0,0,0,2,,,,
3,4,9/28/17,College Woods,white pine,CW_WP,1,D,closed,NA,NA,NA,NA,,,,
3,4,9/28/17,College Woods,white pine,CW_WP,2,A,open,0,0,0,NA,,,,
3,4,9/28/17,College Woods,white pine,CW_WP,2,B,open,NA,NA,NA,NA,,,,
3,4,9/28/17,College Woods,white pine,CW_WP,2,C,closed,0,0,0,2,,,,
3,4,9/28/17,College Woods,white pine,CW_WP,2,D,closed,NA,NA,NA,NA,,,,
3,4,9/28/17,College Woods,white pine,CW_WP,3,A,open,0,0,0,NA,,,,
3,4,9/28/17,College Woods,white pine,CW_WP,3,B,open,NA,NA,NA,NA,,,,
3,4,9/28/17,College Woods,white pine,CW_WP,3,C,closed,0,0,0,2,,,,
3,4,9/28/17,College Woods,white pine,CW_WP,3,D,closed,NA,NA,NA,NA,,,,
3,4,9/28/17,College Woods,white pine,CW_WP,4,A,open,0,0,0,NA,,,,
3,4,9/28/17,College Woods,white pine,CW_WP,4,B,open,NA,NA,NA,NA,,,,
3,4,9/28/17,College Woods,white pine,CW_WP,4,C,closed,0,0,0,4,,,,
3,4,9/28/17,College Woods,white pine,CW_WP,4,D,closed,NA,NA,NA,NA,,,,
3,4,9/28/17,College Woods,white pine,CW_WP,5,A,open,0,0,0,NA,,,,
3,4,9/28/17,College Woods,white pine,CW_WP,5,B,open,NA,NA,NA,NA,,,,
3,4,9/28/17,College Woods,white pine,CW_WP,5,C,closed,0,0,0,3,,,,
3,4,9/28/17,College Woods,white pine,CW_WP,5,D,closed,NA,NA,NA,NA,,,,
3,4,9/28/17,College Woods,mixed,CW_MX,1,A,open,0,0,0,NA,,,,
3,4,9/28/17,College Woods,mixed,CW_MX,1,B,open,NA,NA,NA,NA,,,,
3,4,9/28/17,College Woods,mixed,CW_MX,1,C,closed,0,0,0,2,,,,
3,4,9/28/17,College Woods,mixed,CW_MX,1,D,closed,NA,NA,NA,NA,,,,
3,4,9/28/17,College Woods,mixed,CW_MX,2,A,open,0,0,0,NA,,,,
3,4,9/28/17,College Woods,mixed,CW_MX,2,B,open,NA,NA,NA,NA,,,,
3,4,9/28/17,College Woods,mixed,CW_MX,2,C,closed,0,1,1,1,,,,
3,4,9/28/17,College Woods,mixed,CW_MX,2,D,closed,NA,NA,NA,NA,,,,
3,4,9/28/17,College Woods,mixed,CW_MX,3,A,open,0,0,0,NA,,,,
3,4,9/28/17,College Woods,mixed,CW_MX,3,B,open,NA,NA,NA,NA,,,,
3,4,9/28/17,College Woods,mixed,CW_MX,3,C,closed,0,0,0,6,,,,
3,4,9/28/17,College Woods,mixed,CW_MX,3,D,closed,NA,NA,NA,NA,,,,
3,4,9/28/17,College Woods,mixed,CW_MX,4,A,open,0,1,1,NA,,,,
3,4,9/28/17,College Woods,mixed,CW_MX,4,B,open,NA,NA,NA,NA,,,,
3,4,9/28/17,College Woods,mixed,CW_MX,4,C,closed,0,5,5,0,,,,
3,4,9/28/17,College Woods,mixed,CW_MX,4,D,closed,NA,NA,NA,NA,,,,
3,4,9/28/17,College Woods,mixed,CW_MX,5,A,open,0,0,0,NA,,,,
3,4,9/28/17,College Woods,mixed,CW_MX,5,B,open,NA,NA,NA,NA,,,,
3,4,9/28/17,College Woods,mixed,CW_MX,5,C,closed,0,0,0,2,,,,
3,4,9/28/17,College Woods,mixed,CW_MX,5,D,closed,NA,NA,NA,NA,,,,
3,4,9/28/17,MacDonald,cleared,MAC_CL,1,A,open,17,4,21,NA,,,,
3,4,9/28/17,MacDonald,cleared,MAC_CL,1,B,open,20,2,22,NA,,,,
3,4,9/28/17,MacDonald,cleared,MAC_CL,1,C,closed,10,7,17,19,,,,
3,4,9/28/17,MacDonald,cleared,MAC_CL,1,D,closed,10,8,18,27,,,,
3,4,9/28/17,MacDonald,cleared,MAC_CL,2,A,open,0,0,0,NA,,,,
3,4,9/28/17,MacDonald,cleared,MAC_CL,2,B,open,0,0,0,NA,,,,
3,4,9/28/17,MacDonald,cleared,MAC_CL,2,C,closed,0,0,0,13,,,,
3,4,9/28/17,MacDonald,cleared,MAC_CL,2,D,closed,0,0,0,12,,,,
3,4,9/28/17,MacDonald,cleared,MAC_CL,3,A,open,9,2,11,NA,,,,
3,4,9/28/17,MacDonald,cleared,MAC_CL,3,B,open,13,8,21,NA,,,,
3,4,9/28/17,MacDonald,cleared,MAC_CL,3,C,closed,9,6,15,33,,,,
3,4,9/28/17,MacDonald,cleared,MAC_CL,3,D,closed,2,2,4,33,,,,
3,4,9/28/17,MacDonald,cleared,MAC_CL,4,A,open,9,2,11,NA,,,,
3,4,9/28/17,MacDonald,cleared,MAC_CL,4,B,open,NA,NA,NA,NA,,,,
3,4,9/28/17,MacDonald,cleared,MAC_CL,4,C,closed,12,18,30,2,,,,
3,4,9/28/17,MacDonald,cleared,MAC_CL,4,D,closed,NA,NA,NA,NA,,,,
3,4,9/28/17,MacDonald,cleared,MAC_CL,5,A,open,0,0,0,NA,,,,
3,4,9/28/17,MacDonald,cleared,MAC_CL,5,B,open,0,0,0,NA,,,,
3,4,9/28/17,MacDonald,cleared,MAC_CL,5,C,closed,0,16,16,1,,,,
3,4,9/28/17,MacDonald,cleared,MAC_CL,5,D,closed,0,0,0,11,,,,
3,4,9/28/17,MacDonald,white pine,MAC_WP,1,A,open,0,0,0,NA,,,,
3,4,9/28/17,MacDonald,white pine,MAC_WP,1,B,open,NA,NA,NA,NA,,,,
3,4,9/28/17,MacDonald,white pine,MAC_WP,1,C,closed,0,2,2,4,,,,
3,4,9/28/17,MacDonald,white pine,MAC_WP,1,D,closed,NA,NA,NA,NA,,,,
3,4,9/28/17,MacDonald,white pine,MAC_WP,2,A,open,0,0,0,NA,,,,
3,4,9/28/17,MacDonald,white pine,MAC_WP,2,B,open,NA,NA,NA,NA,,,,
3,4,9/28/17,MacDonald,white pine,MAC_WP,2,C,closed,0,1,1,2,,,,
3,4,9/28/17,MacDonald,white pine,MAC_WP,2,D,closed,NA,NA,NA,NA,,,,
3,4,9/28/17,MacDonald,white pine,MAC_WP,3,A,open,0,0,0,NA,,,,
3,4,9/28/17,MacDonald,white pine,MAC_WP,3,B,open,NA,NA,NA,NA,,,,
3,4,9/28/17,MacDonald,white pine,MAC_WP,3,C,closed,0,1,1,11,,,,
3,4,9/28/17,MacDonald,white pine,MAC_WP,3,D,closed,NA,NA,NA,NA,,,,
3,4,9/28/17,MacDonald,white pine,MAC_WP,4,A,open,0,0,0,NA,,,,
3,4,9/28/17,MacDonald,white pine,MAC_WP,4,B,open,NA,NA,NA,NA,,,,
3,4,9/28/17,MacDonald,white pine,MAC_WP,4,C,closed,1,2,3,1,,,,
3,4,9/28/17,MacDonald,white pine,MAC_WP,4,D,closed,NA,NA,NA,NA,,,,
3,4,9/28/17,MacDonald,white pine,MAC_WP,5,A,open,0,0,0,NA,,,,
3,4,9/28/17,MacDonald,white pine,MAC_WP,5,B,open,NA,NA,NA,NA,,,,
3,4,9/28/17,MacDonald,white pine,MAC_WP,5,C,closed,0,0,0,3,,,,
3,4,9/28/17,MacDonald,white pine,MAC_WP,5,D,closed,NA,NA,NA,NA,,,,
4,5,10/12/17,Horti Farm,cleared,HF_CL,1,A,open,0,0,0,NA,,,,
4,5,10/12/17,Horti Farm,cleared,HF_CL,1,B,open,0,0,0,NA,,,,
4,5,10/12/17,Horti Farm,cleared,HF_CL,1,C,closed,0,0,0,7,,,,
4,5,10/12/17,Horti Farm,cleared,HF_CL,1,D,closed,0,0,0,5,,,,
4,5,10/12/17,Horti Farm,cleared,HF_CL,2,A,open,0,0,0,NA,,,,
4,5,10/12/17,Horti Farm,cleared,HF_CL,2,B,open,NA,NA,NA,NA,,,,
4,5,10/12/17,Horti Farm,cleared,HF_CL,2,C,closed,0,0,0,15,,,,
4,5,10/12/17,Horti Farm,cleared,HF_CL,2,D,closed,NA,NA,NA,NA,,,,
4,5,10/12/17,Horti Farm,cleared,HF_CL,3,A,open,0,0,0,NA,,,,
4,5,10/12/17,Horti Farm,cleared,HF_CL,6,A,open,0,0,0,NA,,,,
4,5,10/12/17,Horti Farm,cleared,HF_CL,3,C,closed,0,0,0,15,,,,
4,5,10/12/17,Horti Farm,cleared,HF_CL,6,C,closed,0,0,0,9,,,,
4,5,10/12/17,Horti Farm,cleared,HF_CL,4,A,open,0,0,0,NA,,,,
4,5,10/12/17,Horti Farm,cleared,HF_CL,4,B,open,0,0,0,NA,,,,
4,5,10/12/17,Horti Farm,cleared,HF_CL,4,C,closed,0,0,0,23,,,,
4,5,10/12/17,Horti Farm,cleared,HF_CL,4,D,closed,0,0,0,40,,,,
4,5,10/12/17,Horti Farm,cleared,HF_CL,5,A,open,0,0,0,NA,,,,
4,5,10/12/17,Horti Farm,cleared,HF_CL,5,B,open,0,1,1,NA,,,,
4,5,10/12/17,Horti Farm,cleared,HF_CL,5,C,closed,0,1,1,22,,,,
4,5,10/12/17,Horti Farm,cleared,HF_CL,5,D,closed,0,0,0,24,,,,
4,5,10/12/17,College Woods,white pine,CW_WP,1,A,open,0,0,0,NA,,,,
4,5,10/12/17,College Woods,white pine,CW_WP,1,B,open,NA,NA,NA,NA,,,,
4,5,10/12/17,College Woods,white pine,CW_WP,1,C,closed,0,0,0,3,,,,
4,5,10/12/17,College Woods,white pine,CW_WP,1,D,closed,NA,NA,NA,NA,,,,
4,5,10/12/17,College Woods,white pine,CW_WP,2,A,open,0,0,0,NA,,,,
4,5,10/12/17,College Woods,white pine,CW_WP,2,B,open,NA,NA,NA,NA,,,,
4,5,10/12/17,College Woods,white pine,CW_WP,2,C,closed,0,0,0,2,,,,
4,5,10/12/17,College Woods,white pine,CW_WP,2,D,closed,NA,NA,NA,NA,,,,
4,5,10/12/17,College Woods,white pine,CW_WP,3,A,open,0,0,0,NA,,,,
4,5,10/12/17,College Woods,white pine,CW_WP,3,B,open,NA,NA,NA,NA,,,,
4,5,10/12/17,College Woods,white pine,CW_WP,3,C,closed,0,0,0,2,,,,
4,5,10/12/17,College Woods,white pine,CW_WP,3,D,closed,NA,NA,NA,NA,,,,
4,5,10/12/17,College Woods,white pine,CW_WP,4,A,open,0,0,0,NA,,,,
4,5,10/12/17,College Woods,white pine,CW_WP,4,B,open,NA,NA,NA,NA,,,,
4,5,10/12/17,College Woods,white pine,CW_WP,4,C,closed,0,0,0,3,,,,
4,5,10/12/17,College Woods,white pine,CW_WP,4,D,closed,NA,NA,NA,NA,,,,
4,5,10/12/17,College Woods,white pine,CW_WP,5,A,open,0,0,0,NA,,,,
4,5,10/12/17,College Woods,white pine,CW_WP,5,B,open,NA,NA,NA,NA,,,,
4,5,10/12/17,College Woods,white pine,CW_WP,5,C,closed,0,0,0,3,,,,
4,5,10/12/17,College Woods,white pine,CW_WP,5,D,closed,NA,NA,NA,NA,,,,
4,5,10/12/17,College Woods,mixed,CW_MX,1,A,open,0,0,0,NA,,,,
4,5,10/12/17,College Woods,mixed,CW_MX,1,B,open,NA,NA,NA,NA,,,,
4,5,10/12/17,College Woods,mixed,CW_MX,1,C,closed,0,0,0,1,,,,
4,5,10/12/17,College Woods,mixed,CW_MX,1,D,closed,NA,NA,NA,NA,,,,
4,5,10/12/17,College Woods,mixed,CW_MX,2,A,open,0,0,0,NA,,,,
4,5,10/12/17,College Woods,mixed,CW_MX,2,B,open,NA,NA,NA,NA,,,,
4,5,10/12/17,College Woods,mixed,CW_MX,2,C,closed,0,0,0,1,,,,
4,5,10/12/17,College Woods,mixed,CW_MX,2,D,closed,NA,NA,NA,NA,,,,
4,5,10/12/17,College Woods,mixed,CW_MX,3,A,open,0,0,0,NA,,,,
4,5,10/12/17,College Woods,mixed,CW_MX,3,B,open,NA,NA,NA,NA,,,,
4,5,10/12/17,College Woods,mixed,CW_MX,3,C,closed,0,0,0,4,,,,
4,5,10/12/17,College Woods,mixed,CW_MX,3,D,closed,NA,NA,NA,NA,,,,
4,5,10/12/17,College Woods,mixed,CW_MX,4,A,open,0,1,1,NA,,,,
4,5,10/12/17,College Woods,mixed,CW_MX,4,B,open,NA,NA,NA,NA,,,,
4,5,10/12/17,College Woods,mixed,CW_MX,4,C,closed,0,4,4,0,,,,
4,5,10/12/17,College Woods,mixed,CW_MX,4,D,closed,NA,NA,NA,NA,,,,
4,5,10/12/17,College Woods,mixed,CW_MX,5,A,open,0,0,0,NA,,,,
4,5,10/12/17,College Woods,mixed,CW_MX,5,B,open,NA,NA,NA,NA,,,,
4,5,10/12/17,College Woods,mixed,CW_MX,5,C,closed,0,0,0,2,,,,
4,5,10/12/17,College Woods,mixed,CW_MX,5,D,closed,NA,NA,NA,NA,,,,
4,5,10/12/17,MacDonald,cleared,MAC_CL,1,A,open,12,3,15,NA,,,,
4,5,10/12/17,MacDonald,cleared,MAC_CL,1,B,open,16,3,19,NA,,,,
4,5,10/12/17,MacDonald,cleared,MAC_CL,1,C,closed,5,11,16,27,,,,
4,5,10/12/17,MacDonald,cleared,MAC_CL,1,D,closed,9,4,13,26,,,,
4,5,10/12/17,MacDonald,cleared,MAC_CL,2,A,open,0,0,0,NA,,,,
4,5,10/12/17,MacDonald,cleared,MAC_CL,2,B,open,0,0,0,NA,,,,
4,5,10/12/17,MacDonald,cleared,MAC_CL,2,C,closed,0,0,0,9,,,,
4,5,10/12/17,MacDonald,cleared,MAC_CL,2,D,closed,0,0,0,7,,,,
4,5,10/12/17,MacDonald,cleared,MAC_CL,3,A,open,3,6,9,NA,,,,
4,5,10/12/17,MacDonald,cleared,MAC_CL,3,B,open,9,5,14,NA,,,,
4,5,10/12/17,MacDonald,cleared,MAC_CL,3,C,closed,4,6,10,35,,,,
4,5,10/12/17,MacDonald,cleared,MAC_CL,3,D,closed,1,0,1,37,,,,
4,5,10/12/17,MacDonald,cleared,MAC_CL,4,A,open,3,4,7,NA,,,,
4,5,10/12/17,MacDonald,cleared,MAC_CL,4,B,open,NA,NA,NA,NA,,,,
4,5,10/12/17,MacDonald,cleared,MAC_CL,4,C,closed,3,22,25,5,,,,
4,5,10/12/17,MacDonald,cleared,MAC_CL,4,D,closed,NA,NA,NA,NA,,,,
4,5,10/12/17,MacDonald,cleared,MAC_CL,5,A,open,0,0,0,NA,,,,
4,5,10/12/17,MacDonald,cleared,MAC_CL,5,B,open,0,0,0,NA,,,,
4,5,10/12/17,MacDonald,cleared,MAC_CL,5,C,closed,0,14,14,3,,,,
4,5,10/12/17,MacDonald,cleared,MAC_CL,5,D,closed,0,0,0,10,,,,
4,5,10/12/17,MacDonald,white pine,MAC_WP,1,A,open,0,0,0,NA,,,,
4,5,10/12/17,MacDonald,white pine,MAC_WP,1,B,open,NA,NA,NA,NA,,,,
4,5,10/12/17,MacDonald,white pine,MAC_WP,1,C,closed,0,0,0,4,,,,
4,5,10/12/17,MacDonald,white pine,MAC_WP,1,D,closed,NA,NA,NA,NA,,,,
4,5,10/12/17,MacDonald,white pine,MAC_WP,2,A,open,0,0,0,0,,,,
4,5,10/12/17,MacDonald,white pine,MAC_WP,2,B,open,NA,NA,NA,NA,,,,
4,5,10/12/17,MacDonald,white pine,MAC_WP,2,C,closed,0,1,1,2,,,,
4,5,10/12/17,MacDonald,white pine,MAC_WP,2,D,closed,NA,NA,NA,NA,,,,
4,5,10/12/17,MacDonald,white pine,MAC_WP,3,A,open,0,0,0,NA,,,,
4,5,10/12/17,MacDonald,white pine,MAC_WP,3,B,open,NA,NA,NA,NA,,,,
4,5,10/12/17,MacDonald,white pine,MAC_WP,3,C,closed,0,1,1,8,,,,
4,5,10/12/17,MacDonald,white pine,MAC_WP,3,D,closed,NA,NA,NA,NA,,,,
4,5,10/12/17,MacDonald,white pine,MAC_WP,4,A,open,0,0,0,NA,,,,
4,5,10/12/17,MacDonald,white pine,MAC_WP,4,B,open,NA,NA,NA,NA,,,,
4,5,10/12/17,MacDonald,white pine,MAC_WP,4,C,closed,0,2,2,2,,,,
4,5,10/12/17,MacDonald,white pine,MAC_WP,4,D,closed,NA,NA,NA,NA,,,,
4,5,10/12/17,MacDonald,white pine,MAC_WP,5,A,open,0,0,0,NA,,,,
4,5,10/12/17,MacDonald,white pine,MAC_WP,5,B,open,NA,NA,NA,NA,,,,
4,5,10/12/17,MacDonald,white pine,MAC_WP,5,C,closed,0,0,0,3,,,,
4,5,10/12/17,MacDonald,white pine,MAC_WP,5,D,closed,NA,NA,NA,NA,,,,
5,6,11/9/17,Horti Farm,cleared,HF_CL,1,A,open,0,0,0,NA,,,,
5,6,11/9/17,Horti Farm,cleared,HF_CL,1,B,open,0,0,0,NA,,,,
5,6,11/9/17,Horti Farm,cleared,HF_CL,1,C,closed,0,0,0,6,,,,
5,6,11/9/17,Horti Farm,cleared,HF_CL,1,D,closed,0,0,0,5,,,,
5,6,11/9/17,Horti Farm,cleared,HF_CL,2,A,open,0,0,0,NA,,,,
5,6,11/9/17,Horti Farm,cleared,HF_CL,2,B,open,NA,NA,NA,NA,,,,
5,6,11/9/17,Horti Farm,cleared,HF_CL,2,C,closed,0,0,0,12,,,,
5,6,11/9/17,Horti Farm,cleared,HF_CL,2,D,closed,NA,NA,NA,NA,,,,
5,6,11/9/17,Horti Farm,cleared,HF_CL,3,A,open,0,0,0,NA,,,,
5,6,11/9/17,Horti Farm,cleared,HF_CL,6,A,open,0,0,0,NA,,,,
5,6,11/9/17,Horti Farm,cleared,HF_CL,3,C,closed,0,0,0,10,,,,
5,6,11/9/17,Horti Farm,cleared,HF_CL,6,C,closed,0,0,0,12,,,,
5,6,11/9/17,Horti Farm,cleared,HF_CL,4,A,open,0,0,0,NA,,,,
5,6,11/9/17,Horti Farm,cleared,HF_CL,4,B,open,0,0,0,NA,,,,
5,6,11/9/17,Horti Farm,cleared,HF_CL,4,C,closed,0,0,0,22,,,,
5,6,11/9/17,Horti Farm,cleared,HF_CL,4,D,closed,0,0,0,17,,,,
5,6,11/9/17,Horti Farm,cleared,HF_CL,5,A,open,0,0,0,NA,,,,
5,6,11/9/17,Horti Farm,cleared,HF_CL,5,B,open,0,0,0,NA,,,,
5,6,11/9/17,Horti Farm,cleared,HF_CL,5,C,closed,0,0,0,18,,,,
5,6,11/9/17,Horti Farm,cleared,HF_CL,5,D,closed,0,0,0,30,,,,
5,6,11/9/17,College Woods,mixed,CW_MX,1,A,open,0,0,0,NA,,,,
5,6,11/9/17,College Woods,mixed,CW_MX,1,B,open,NA,NA,NA,NA,,,,
5,6,11/9/17,College Woods,mixed,CW_MX,1,C,closed,0,0,0,1,,,,
5,6,11/9/17,College Woods,mixed,CW_MX,1,D,closed,NA,NA,NA,NA,,,,
5,6,11/9/17,College Woods,mixed,CW_MX,2,A,open,0,0,0,NA,,,,
5,6,11/9/17,College Woods,mixed,CW_MX,2,B,open,NA,NA,NA,NA,,,,
5,6,11/9/17,College Woods,mixed,CW_MX,2,C,closed,NA,NA,NA,NA,,,,
5,6,11/9/17,College Woods,mixed,CW_MX,2,D,closed,NA,NA,NA,NA,,,,
5,6,11/9/17,College Woods,mixed,CW_MX,3,A,open,0,0,0,NA,,,,
5,6,11/9/17,College Woods,mixed,CW_MX,3,B,open,NA,NA,NA,NA,,,,
5,6,11/9/17,College Woods,mixed,CW_MX,3,C,closed,0,0,0,5,,,,
5,6,11/9/17,College Woods,mixed,CW_MX,3,D,closed,NA,NA,NA,NA,,,,
5,6,11/9/17,College Woods,mixed,CW_MX,4,A,open,0,0,0,NA,,,,
5,6,11/9/17,College Woods,mixed,CW_MX,4,B,open,NA,NA,NA,NA,,,,
5,6,11/9/17,College Woods,mixed,CW_MX,4,C,closed,0,0,0,4,,,,
5,6,11/9/17,College Woods,mixed,CW_MX,4,D,closed,NA,NA,NA,NA,,,,
5,6,11/9/17,College Woods,mixed,CW_MX,5,A,open,0,0,0,NA,,,,
5,6,11/9/17,College Woods,mixed,CW_MX,5,B,open,NA,NA,NA,NA,,,,
5,6,11/9/17,College Woods,mixed,CW_MX,5,C,closed,0,0,0,2,,,,
5,6,11/9/17,College Woods,mixed,CW_MX,5,D,closed,NA,NA,NA,NA,,,,
5,6,11/9/17,MacDonald,cleared,MAC_CL,1,A,open,0,0,0,NA,,,,
5,6,11/9/17,MacDonald,cleared,MAC_CL,1,B,open,0,0,0,NA,,,,
5,6,11/9/17,MacDonald,cleared,MAC_CL,1,C,closed,1,2,3,28,,,,
5,6,11/9/17,MacDonald,cleared,MAC_CL,1,D,closed,NA,NA,NA,NA,,,,
5,6,11/9/17,MacDonald,cleared,MAC_CL,2,A,open,0,0,0,NA,,,,
5,6,11/9/17,MacDonald,cleared,MAC_CL,2,B,open,0,0,0,NA,,,,
5,6,11/9/17,MacDonald,cleared,MAC_CL,2,C,closed,0,0,0,12,,,,
5,6,11/9/17,MacDonald,cleared,MAC_CL,2,D,closed,0,0,0,7,,,,
5,6,11/9/17,MacDonald,cleared,MAC_CL,3,A,open,0,1,1,NA,,,,
5,6,11/9/17,MacDonald,cleared,MAC_CL,3,B,open,1,0,1,NA,,,,
5,6,11/9/17,MacDonald,cleared,MAC_CL,3,C,closed,1,2,3,25,,,,
5,6,11/9/17,MacDonald,cleared,MAC_CL,3,D,closed,0,0,0,38,,,,
5,6,11/9/17,MacDonald,cleared,MAC_CL,4,A,open,0,1,1,NA,,,,
5,6,11/9/17,MacDonald,cleared,MAC_CL,4,B,open,NA,NA,NA,NA,,,,
5,6,11/9/17,MacDonald,cleared,MAC_CL,4,C,closed,0,4,4,22,,,,
5,6,11/9/17,MacDonald,cleared,MAC_CL,4,D,closed,NA,NA,NA,NA,,,,
5,6,11/9/17,MacDonald,cleared,MAC_CL,5,A,open,0,0,0,NA,,,,
5,6,11/9/17,MacDonald,cleared,MAC_CL,5,B,open,0,0,0,NA,,,,
5,6,11/9/17,MacDonald,cleared,MAC_CL,5,C,closed,0,1,1,12,,,,
5,6,11/9/17,MacDonald,cleared,MAC_CL,5,D,closed,0,0,0,12,,,,
5,6,11/9/17,MacDonald,white pine,MAC_WP,1,A,open,0,0,0,NA,,,,
5,6,11/9/17,MacDonald,white pine,MAC_WP,1,B,open,NA,NA,NA,NA,,,,
5,6,11/9/17,MacDonald,white pine,MAC_WP,1,C,closed,0,0,0,3,,,,
5,6,11/9/17,MacDonald,white pine,MAC_WP,1,D,closed,NA,NA,NA,NA,,,,
5,6,11/9/17,MacDonald,white pine,MAC_WP,2,A,open,0,0,0,NA,,,,
5,6,11/9/17,MacDonald,white pine,MAC_WP,2,B,open,NA,NA,NA,NA,,,,
5,6,11/9/17,MacDonald,white pine,MAC_WP,2,C,closed,0,0,0,2,,,,
5,6,11/9/17,MacDonald,white pine,MAC_WP,2,D,closed,NA,NA,NA,NA,,,,
5,6,11/9/17,MacDonald,white pine,MAC_WP,3,A,open,0,0,0,NA,,,,
5,6,11/9/17,MacDonald,white pine,MAC_WP,3,B,open,NA,NA,NA,NA,,,,
5,6,11/9/17,MacDonald,white pine,MAC_WP,3,C,closed,0,0,0,11,,,,
5,6,11/9/17,MacDonald,white pine,MAC_WP,3,D,closed,NA,NA,NA,NA,,,,
5,6,11/9/17,MacDonald,white pine,MAC_WP,4,A,open,0,0,0,NA,,,,
5,6,11/9/17,MacDonald,white pine,MAC_WP,4,B,open,NA,NA,NA,NA,,,,
5,6,11/9/17,MacDonald,white pine,MAC_WP,4,C,closed,0,0,0,3,,,,
5,6,11/9/17,MacDonald,white pine,MAC_WP,4,D,closed,NA,NA,NA,NA,,,,
5,6,11/9/17,MacDonald,white pine,MAC_WP,5,A,open,0,0,0,NA,,,,
5,6,11/9/17,MacDonald,white pine,MAC_WP,5,B,open,NA,NA,NA,NA,,,,
5,6,11/9/17,MacDonald,white pine,MAC_WP,5,C,closed,0,0,0,3,,,,
5,6,11/9/17,MacDonald,white pine,MAC_WP,5,D,closed,NA,NA,NA,NA,,,,
6,7,11/22/17,MacDonald,cleared,MAC_CL,1,A,open,0,1,1,NA,,,,
6,7,11/22/17,MacDonald,cleared,MAC_CL,1,B,open,0,0,0,NA,,,,
6,7,11/22/17,MacDonald,cleared,MAC_CL,1,C,closed,1,0,1,23,,,,
6,7,11/22/17,MacDonald,cleared,MAC_CL,1,D,closed,NA,NA,NA,NA,,,,
6,7,11/22/17,MacDonald,cleared,MAC_CL,2,A,open,0,0,0,NA,,,,
6,7,11/22/17,MacDonald,cleared,MAC_CL,2,B,open,0,0,0,NA,,,,
6,7,11/22/17,MacDonald,cleared,MAC_CL,2,C,closed,0,0,0,9,,,,
6,7,11/22/17,MacDonald,cleared,MAC_CL,2,D,closed,0,0,0,5,,,,
6,7,11/22/17,MacDonald,cleared,MAC_CL,3,A,open,0,0,0,NA,,,,
6,7,11/22/17,MacDonald,cleared,MAC_CL,3,B,open,0,1,1,NA,,,,
6,7,11/22/17,MacDonald,cleared,MAC_CL,3,C,closed,0,1,1,NA,,,,
6,7,11/22/17,MacDonald,cleared,MAC_CL,3,D,closed,0,0,0,NA,,,,
6,7,11/22/17,MacDonald,cleared,MAC_CL,4,A,open,0,0,0,NA,,,,
6,7,11/22/17,MacDonald,cleared,MAC_CL,4,B,open,NA,NA,NA,NA,,,,
6,7,11/22/17,MacDonald,cleared,MAC_CL,4,C,closed,0,3,3,22,,,,
6,7,11/22/17,MacDonald,cleared,MAC_CL,4,D,closed,NA,NA,NA,NA,,,,
6,7,11/22/17,MacDonald,cleared,MAC_CL,5,A,open,0,0,0,NA,,,,
6,7,11/22/17,MacDonald,cleared,MAC_CL,5,B,open,0,0,0,NA,,,,
6,7,11/22/17,MacDonald,cleared,MAC_CL,5,C,closed,0,0,0,NA,,,,
6,7,11/22/17,MacDonald,cleared,MAC_CL,5,D,closed,0,0,0,NA,,,,
7,8,12/7/17,MacDonald,cleared,MAC_CL,1,A,open,0,1,1,NA,,,,
7,8,12/7/17,MacDonald,cleared,MAC_CL,1,B,open,0,0,0,NA,,,,
7,8,12/7/17,MacDonald,cleared,MAC_CL,1,C,closed,0,0,0,41,,,,
7,8,12/7/17,MacDonald,cleared,MAC_CL,1,D,closed,NA,NA,NA,NA,,,,
7,8,12/7/17,MacDonald,cleared,MAC_CL,2,A,open,0,0,0,NA,,,,
7,8,12/7/17,MacDonald,cleared,MAC_CL,2,B,open,0,0,0,NA,,,,
7,8,12/7/17,MacDonald,cleared,MAC_CL,2,C,closed,0,0,0,13,,,,
7,8,12/7/17,MacDonald,cleared,MAC_CL,2,D,closed,0,0,0,6,,,,
7,8,12/7/17,MacDonald,cleared,MAC_CL,3,A,open,0,0,0,NA,,,,
7,8,12/7/17,MacDonald,cleared,MAC_CL,3,B,open,0,1,1,NA,,,,
7,8,12/7/17,MacDonald,cleared,MAC_CL,3,C,closed,0,1,1,52,,,,
7,8,12/7/17,MacDonald,cleared,MAC_CL,3,D,closed,0,0,0,56,,,,
7,8,12/7/17,MacDonald,cleared,MAC_CL,4,A,open,0,0,0,NA,,,,
7,8,12/7/17,MacDonald,cleared,MAC_CL,4,B,open,NA,NA,NA,NA,,,,
7,8,12/7/17,MacDonald,cleared,MAC_CL,4,C,closed,0,3,3,33,,,,
7,8,12/7/17,MacDonald,cleared,MAC_CL,4,D,closed,NA,NA,NA,NA,,,,
7,8,12/7/17,MacDonald,cleared,MAC_CL,5,A,open,0,0,0,NA,,,,
7,8,12/7/17,MacDonald,cleared,MAC_CL,5,B,open,0,0,0,NA,,,,
7,8,12/7/17,MacDonald,cleared,MAC_CL,5,C,closed,0,0,0,11,,,,
7,8,12/7/17,MacDonald,cleared,MAC_CL,5,D,closed,0,0,0,20,,,,